SampleID,IndividualID,Mother,Father,Family
P1_S1,1,,,
P1_S2,1,,,
P2_S1,2,,,
P2_S2,2,,,
O1,3,2,1,Manuka
O2,4,2,1,Manuka
O3,5,2,1,Manuka
O4,6,2,1,Manuka
O5,7,2,1,Manuka
O6,8,2,1,Manuka
O7,9,2,1,Manuka
O8,10,2,1,Manuka
O9,11,2,1,Manuka
O10,12,2,1,Manuka
O11,13,2,1,Manuka
O12,14,2,1,Manuka
O13,15,2,1,Manuka
O14,16,2,1,Manuka
O15,17,2,1,Manuka
O16,18,2,1,Manuka
O17,19,2,1,Manuka
O18,20,2,1,Manuka
O19,21,2,1,Manuka
O20,22,2,1,Manuka
O21,23,2,1,Manuka
O22,24,2,1,Manuka
O23,25,2,1,Manuka
O24,26,2,1,Manuka
O25,27,2,1,Manuka
O26,28,2,1,Manuka
O27,29,2,1,Manuka
O28,30,2,1,Manuka
O29,31,2,1,Manuka
O30,32,2,1,Manuka
O31,33,2,1,Manuka
O32,34,2,1,Manuka
O33,35,2,1,Manuka
O34,36,2,1,Manuka
O35,37,2,1,Manuka
O36,38,2,1,Manuka
O37,39,2,1,Manuka
O38,40,2,1,Manuka
O39,41,2,1,Manuka
O40,42,2,1,Manuka
O41,43,2,1,Manuka
O42,44,2,1,Manuka
O43,45,2,1,Manuka
O44,46,2,1,Manuka
O45,47,2,1,Manuka
O46,48,2,1,Manuka
O47,49,2,1,Manuka
O48,50,2,1,Manuka
O49,51,2,1,Manuka
O50,52,2,1,Manuka
O51,53,2,1,Manuka
O52,54,2,1,Manuka
O53,55,2,1,Manuka
O54,56,2,1,Manuka
O55,57,2,1,Manuka
O56,58,2,1,Manuka
O57,59,2,1,Manuka
O58,60,2,1,Manuka
O59,61,2,1,Manuka
O60,62,2,1,Manuka
O61,63,2,1,Manuka
O62,64,2,1,Manuka
O63,65,2,1,Manuka
O64,66,2,1,Manuka
O65,67,2,1,Manuka
O66,68,2,1,Manuka
O67,69,2,1,Manuka
O68,70,2,1,Manuka
O69,71,2,1,Manuka
O70,72,2,1,Manuka
O71,73,2,1,Manuka
O72,74,2,1,Manuka
O73,75,2,1,Manuka
O74,76,2,1,Manuka
O75,77,2,1,Manuka
O76,78,2,1,Manuka
O77,79,2,1,Manuka
O78,80,2,1,Manuka
O79,81,2,1,Manuka
O80,82,2,1,Manuka
O81,83,2,1,Manuka
O82,84,2,1,Manuka
O83,85,2,1,Manuka
O84,86,2,1,Manuka
O85,87,2,1,Manuka
O86,88,2,1,Manuka
O87,89,2,1,Manuka
O88,90,2,1,Manuka
O89,91,2,1,Manuka
O90,92,2,1,Manuka
O91,93,2,1,Manuka
O92,94,2,1,Manuka
O93,95,2,1,Manuka
O94,96,2,1,Manuka
O95,97,2,1,Manuka
O96,98,2,1,Manuka
O97,99,2,1,Manuka
O98,100,2,1,Manuka
O99,101,2,1,Manuka
O100,102,2,1,Manuka
O101,103,2,1,Manuka
O102,104,2,1,Manuka
O103,105,2,1,Manuka
O104,106,2,1,Manuka
O105,107,2,1,Manuka
O106,108,2,1,Manuka
O107,109,2,1,Manuka
O108,110,2,1,Manuka
O109,111,2,1,Manuka
O110,112,2,1,Manuka
O111,113,2,1,Manuka
O112,114,2,1,Manuka
O113,115,2,1,Manuka
O114,116,2,1,Manuka
O115,117,2,1,Manuka
O116,118,2,1,Manuka
O117,119,2,1,Manuka
O118,120,2,1,Manuka
O119,121,2,1,Manuka
O120,122,2,1,Manuka
O121,123,2,1,Manuka
O122,124,2,1,Manuka
O123,125,2,1,Manuka
O124,126,2,1,Manuka
O125,127,2,1,Manuka
O126,128,2,1,Manuka
O127,129,2,1,Manuka
O128,130,2,1,Manuka
O129,131,2,1,Manuka
O130,132,2,1,Manuka
O131,133,2,1,Manuka
O132,134,2,1,Manuka
O133,135,2,1,Manuka
O134,136,2,1,Manuka
O135,137,2,1,Manuka
O136,138,2,1,Manuka
O137,139,2,1,Manuka
O138,140,2,1,Manuka
O139,141,2,1,Manuka
O140,142,2,1,Manuka
O141,143,2,1,Manuka
O142,144,2,1,Manuka
O143,145,2,1,Manuka
O144,146,2,1,Manuka
O145,147,2,1,Manuka
O146,148,2,1,Manuka
O147,149,2,1,Manuka
O148,150,2,1,Manuka
O149,151,2,1,Manuka
O150,152,2,1,Manuka
O151,153,2,1,Manuka
O152,154,2,1,Manuka
O153,155,2,1,Manuka
O154,156,2,1,Manuka
O155,157,2,1,Manuka
O156,158,2,1,Manuka
O157,159,2,1,Manuka
O158,160,2,1,Manuka
O159,161,2,1,Manuka
O160,162,2,1,Manuka
O161,163,2,1,Manuka
O162,164,2,1,Manuka
O163,165,2,1,Manuka
O164,166,2,1,Manuka
O165,167,2,1,Manuka
O166,168,2,1,Manuka
O167,169,2,1,Manuka
O168,170,2,1,Manuka
O169,171,2,1,Manuka
O170,172,2,1,Manuka
O171,173,2,1,Manuka
O172,174,2,1,Manuka
O173,175,2,1,Manuka
O174,176,2,1,Manuka
O175,177,2,1,Manuka
O176,178,2,1,Manuka
O177,179,2,1,Manuka
